{"bad": 0.5572721253586406, "worst": 0.2984536082474225, "fresh": 1.0876565295169947, "ridiculous": 0.48460291734197725, "nice": 0.8741966361274445, "yummy": 1.0690322580645164, "wonderful": 1.1797235023041477, "awful": 0.30533333333333346, "good": 0.8308580858085808, "great": 1.0219840615553721, "rude": 0.4037974683544303, "friendly": 1.0674463937621832, "helpful": 1.0659340659340657, "welcoming": 1.0389294403892944, "fast": 0.9202601442103773, "clean": 0.8695062398263702, "warm": 0.6985433818872706, "dirty": 0.45112016293279034}