{"ingredient": 0.004517139065739453, "source": 0.006662654821100173, "service": 0.01947412701423524, "enviroment": 0.026838115997448037}