{"dish": 0.004195821937617647, "sauce": 0.006617785317927882, "service": 0.01947412701423524, "enviroment": 0.02639543884622315}