{"ingredient": {"shrimp": 0.006665926420756106, "rib": 0.0, "beef": 0.003982701946137411, "fish": 0.006188610107009141, "chicken": 0.0032272918594998656, "peach": 0.0, "carne asada": 0.009449210860754629, "tortilla": 0.006623371331758469}, "source": {"salsa": 0.0042215874831934225, "guacamole": 0.006060525208077776, "chipotle": 0.008247359554284472, "nacho cheese": 0.00978632478632479, "green sauce": 0.004997477073620402}, "service": {"service": 0.0033111951487200123, "waiter": 0.035637058879750466}, "enviroment": {"view": 0.0031792936862909335, "environment": 0.05524395112085516, "atmosphere": 0.012723982906261182, "ambiance": 0.036205236276384875}}