{"dish": {"shrimp": 0.006665926420756106, "rib": 0.0, "beef": 0.0035073945871757846, "fish": 0.005638575948042786, "chicken": 0.003031906039996825, "peach": 0.0, "carne asada": 0.00858627894983768, "tortilla": 0.006136493555131996}, "sauce": {"salsa": 0.003997239967331972, "guacamole": 0.006060525208077776, "chipotle": 0.008247359554284472, "nacho cheese": 0.00978632478632479, "green sauce": 0.004997477073620402}, "service": {"service": 0.0033111951487200123, "waiter": 0.035637058879750466}, "enviroment": {"view": 0.0031792936862909335, "environment": 0.05524395112085516, "atmosphere": 0.010953274301361641, "ambiance": 0.036205236276384875}}